{
  "loss": 54.989051818847656,
  "val_loss": 53.2828483581543,
  "val_mpre": 0.00011523392458911985,
  "val_mrec": 0.00031847134232521057,
  "val_map": 5.707714754320268e-05,
  "learning_rate": 0.0010000000474974513,
  "epoch": 1,
  "global_step": 6
}