{
  "loss": 59.15465545654297,
  "val_loss": 53.6724739074707,
  "val_mpre": 0.00017259233572985977,
  "val_mrec": 0.00047770701348781586,
  "val_map": 8.551490832921384e-05,
  "learning_rate": 0.0010000000474974513,
  "epoch": 0,
  "global_step": 3
}